hit@1,recall@1,hit@3,recall@3,hit@5,recall@5,micro_precision,micro_recall,micro_f1,macro_precision,macro_recall,macro_f1,bucket
0.5714285714285714,0.4654761904761905,0.75,0.6392857142857142,0.8571428571428571,0.7464285714285713,0.8676470588235294,0.8676470588235294,0.8676470588235294,0.08075396825396826,0.15955882352941175,0.10011312217194568,Easy
0.7777777777777778,0.5895061728395061,0.8888888888888888,0.675925925925926,0.8888888888888888,0.70679012345679,0.8442265795206971,0.8442265795206971,0.8442265795206971,0.06988795518207283,0.14338235294117646,0.08917483660130718,Medium
0.375,0.3169642857142857,0.5625,0.4787202380952381,0.65625,0.5561011904761904,0.7996323529411765,0.7996323529411765,0.7996323529411765,0.052840327830737034,0.14917313079077785,0.0695695644225056,Hard
0.5632183908045977,0.44934318555008207,0.7241379310344828,0.5915982484948002,0.7931034482758621,0.6641215106732348,0.8353617308992562,0.8353617308992562,0.8353617308992562,0.08166675816415225,0.21869401023812787,0.10638945749556646,all
