PC,explained_variance_ratio
PC1,0.7836228316257081
PC2,0.09516996497214983
